Materials,Molecular Weight,Density,C in comononmer A,C in comononmer B,%B,CH in A,CH in A+B,CH2 in A,CH2 in A+B,CH3 in A+B,CH bonds A+B,N in A+B,O in A+B,C=O,%C=O,Rings,%C in rings,Tm,Tg ,Crystallinity,Critical thickness of the specimen,Surface area,Specific surface area,Pretrement,Level,Temperature,pH,k Biodegradation rate first-order,T Lag time ,A%,Degradation,Time in days,End point
(PCL) Polycaprolactone,50000,1.145,6,0,0,0,0,5,5,0,10,0,2,1,12.5,0,0,60,-60,55,0.1,183.8,20.42222222,1 Indoor,4,37,6.8,6.23E-09,0,86.5,3.2,70,0
(PCL) Polycaprolactone,50000,1.145,6,0,0,0,0,5,5,0,10,0,2,1,12.5,0,0,60,-60,55,0.1,183.8,20.42222222,1 Indoor,5,37,6.8,1.52E-08,0,86.5,7.6,70,0
(PCL) Polycaprolactone,50000,1.145,6,0,0,0,0,5,5,0,10,0,2,1,12.5,0,0,60,-60,55,0.1,989.6,20.16,1 Indoor,5,37,6.8,5.48E-07,0,86.5,30,9,0
(PCL) Polycaprolactone,50000,1.145,6,0,0,0,0,5,5,0,10,0,2,1,12.5,0,0,60,-60,55,0.1,989.6,20.16,1 Indoor,5,37,6.8,9.41E-07,0,16.39,16.6,42,1
(P3HB) Poly(3-hydroxybutyrate),540000,1.22,4,0,0,1,1,1,1,1,6,0,2,1,16.67,0,0,180,6,88.58,0.385,0.465662571,15.58441558,1 Indoor,4,37,6.8,0.000010429,0.01856,97.81,95.54,4.75,1
(P3HB) Poly(3-hydroxybutyrate),540000,1.22,4,0,0,1,1,1,1,1,6,0,2,1,16.67,0,0,180,6,88.58,0.1,183.8,20.42222222,1 Indoor,4,37,6.8,2.82E-08,0,97.52,15.3,70,0
(P3HB) Poly(3-hydroxybutyrate),540000,1.22,4,0,0,1,1,1,1,1,6,0,2,1,16.67,0,0,180,6,88.58,0.1,183.8,20.42222222,1 Indoor,5,37,6.8,4.45E-08,0,97.52,23,70,0
(P3HB) Poly(3-hydroxybutyrate),540000,1.22,4,0,0,1,1,1,1,1,6,0,2,1,16.67,0,0,180,6,88.58,0.1,989.6,20.16,1 Indoor,5,37,6.8,6.33E-06,2.238,100,100,11,1
(P3HB) Poly(3-hydroxybutyrate),540000,1.22,4,0,0,1,1,1,1,1,6,0,2,1,16.67,0,0,180,6,88.58,0.1,989.6,20.16,1 Indoor,5,37,6.8,0.00000592,,100,100,9,1
(P3HB) Poly(3-hydroxybutyrate),540000,1.22,4,0,0,1,1,1,1,1,6,0,2,1,16.67,0,0,180,6,88.58,0.1,989.6,20.16,1 Indoor,6,35,6.8,4.36E-07,4.151,35,32,77,1
(P3HB) Poly(3-hydroxybutyrate),540000,1.22,4,0,0,1,1,1,1,1,6,0,2,1,16.67,0,0,180,6,88.58,0.1,989.6,20.16,1 Indoor,6,37,6.8,0.000016528,0.7164,95.73,93.8,7.1125,1
(P3HB) Poly(3-hydroxybutyrate),540000,1.22,4,0,0,1,1,1,1,1,6,0,2,1,16.67,0,0,180,6,88.58,0.1,989.6,20.16,1 Indoor,6,37,5.8,0.000007,1.105,29,26.6,6.816666667,1
(P3HB) Poly(3-hydroxybutyrate),800000,1.25,4,0,0,1,1,1,1,1,6,0,2,1,16.67,0,0,173.1,4,61.78,0.12,410.5,16.93333333,1 Indoor,0,37,7.4,2.27E-08,0,97.52,18,104.1666667,0
(P3HB) Poly(3-hydroxybutyrate),700000,1.25,4,0,0,1,1,1,1,1,6,0,2,1,16.67,0,0,171,2,56.78,0.12,1814.4,16.8,1 Indoor,5,28,6.8,8.98E-08,24.22,97.52,25.3,60,0
(P3HB) Poly(3-hydroxybutyrate),230000,1.22,4,0,0,1,1,1,1,1,6,0,2,1,16.67,0,0,171,6,56.78,0.12,1814.4,16.8,1 Indoor,5,28,6.8,7.53E-08,18.63,97.52,24.7,60,0
(PCL) Polycaprolactone,80000,1.145,6,0,0,0,0,5,5,0,10,0,2,1,12.5,0,0,59,-59,60,0.32,303.36,6.58,1 Indoor,1,25,7,4.83E-10,0,86.5,1.2,380,0
(PCL) Polycaprolactone,80000,1.145,6,0,0,0,0,5,5,0,10,0,2,1,12.5,0,0,59,-59,60,0.32,303.36,6.58,1 Indoor,2,25,7.9,4.32E-10,0,86.5,0.9,380,0
(PLA) Polylactic acid,230000,1.28,3,0,0,1,1,0,0,1,4,0,2,1,20,0,0,187.5,72.5,45.79,0.32,303.36,6.58,1 Indoor,1,25,7,6.10E-11,0,98.3,0.2,380,0
(PLA) Polylactic acid,230000,1.28,3,0,0,1,1,0,0,1,4,0,2,1,20,0,0,187.5,72.5,45.79,0.32,303.36,6.58,1 Indoor,2,25,7.9,6.10E-11,0,98.3,0.2,380,0
(P3HB) Poly(3-hydroxybutyrate),250000,1.22,4,0,0,1,1,1,1,1,6,0,2,1,16.67,0,0,176.5,7.5,65.5,0.32,303.36,6.58,1 Indoor,1,25,7,2.75E-09,0,97.52,7.4,380,0
(P3HB) Poly(3-hydroxybutyrate),250000,1.22,4,0,0,1,1,1,1,1,6,0,2,1,16.67,0,0,176.5,7.5,65.5,0.32,303.36,6.58,1 Indoor,2,25,7.9,2.49E-09,0,97.52,6.4,380,0
 (PES)Poly(ethylene succinate),7200,1.36,6,0,0,0,0,4,4,0,8,0,4,2,20,0,0,100,-13.9,74.47,0.9,259.99,2.56,1 Indoor,6,37,6.8,5.55E-08,0,93.89,3.1,7,0
 (PES)Poly(ethylene succinate),7200,1.36,6,0,0,0,0,4,4,0,8,0,4,2,20,0,0,100,-13.9,74.47,0.9,259.99,2.56,1 Indoor,6,37,6.8,3.92E-08,0,93.89,2.2,7,0
 (PES)Poly(ethylene succinate),7200,1.36,6,0,0,0,0,4,4,0,8,0,4,2,20,0,0,100,-13.9,74.47,0.9,259.99,2.56,1 Indoor,6,37,6.8,1.71E-07,0,93.89,9.2,7,0
 (PES)Poly(ethylene succinate),7200,1.36,6,0,0,0,0,4,4,0,8,0,4,2,20,0,0,100,-13.9,74.47,0.9,259.99,2.56,1 Indoor,7,37,6.8,1.83E-06,0,93.89,62.8,7,0
(PEA) Poly(ethylene adipate),10000,1.22,8,0,0,0,0,6,6,0,12,0,4,2,16.67,0,0,46,-49.5,26.41,0.9,259.99,2.56,1 Indoor,7,37,6.8,1.16E-06,0,93.89,47.3,7,0
(PEA) Poly(ethylene adipate),10000,1.22,8,0,0,0,0,6,6,0,12,0,4,2,16.67,0,0,46,-49.5,26.41,0.9,259.99,2.56,1 Indoor,6,37,6.8,8.49E-08,0,93.89,4.7,7,0
(PEA) Poly(ethylene adipate),10000,1.22,8,0,0,0,0,6,6,0,12,0,4,2,16.67,0,0,46,-49.5,26.41,0.9,259.99,2.56,1 Indoor,6,37,6.8,1.59E-07,0,93.89,8.6,7,0
(PEA) Poly(ethylene adipate),10000,1.22,8,0,0,0,0,6,6,0,12,0,4,2,16.67,0,0,46,-49.5,26.41,0.9,259.99,2.56,1 Indoor,7,37,6.8,2.98E-07,0,93.89,15.5,7,0
(PEG) Poly(ethylene glycol),57759,1.11,2,0,0,0,0,2,2,0,4,0,1,0,0,0,0,69,-28.15,93,0.385,0.465662571,15.58441558,1 Indoor,4,22,7.4,7.71E-07,21.35,100,98.15,65,0
(PEG) Poly(ethylene glycol),57759,1.11,2,0,0,0,0,2,2,0,4,0,1,0,0,0,0,69,-28.15,93,0.385,0.465662571,15.58441558,1 Indoor,2,22,7.4,7.69E-07,4.157,15.21,10.88,133,1
(PEG) Poly(ethylene glycol),26642,1.11,2,0,0,0,0,2,2,0,4,0,1,0,0,0,0,63,-32,91,0.385,0.465662571,15.58441558,1 Indoor,4,22,7.4,3.14E-06,21.38,95.63,96.77,61,1
(PEG) Poly(ethylene glycol),26642,1.11,2,0,0,0,0,2,2,0,4,0,1,0,0,0,0,63,-32,91,0.385,0.465662571,15.58441558,1 Indoor,2,22,7.4,1.01E-06,0,15.11,11.99,133,1
(PEG) Poly(ethylene glycol),14629,1.11,2,0,0,0,0,2,2,0,4,0,1,0,0,0,0,67,-36,90,0.385,0.465662571,15.58441558,1 Indoor,4,22,7.4,0.000003294,3.732,100,100,27,1
(PEG) Poly(ethylene glycol),14629,1.11,2,0,0,0,0,2,2,0,4,0,1,0,0,0,0,67,-36,90,0.385,0.465662571,15.58441558,1 Indoor,2,22,7.4,8.28E-07,17.83,42.81,42.07,176,1
(PEG) Poly(ethylene glycol),10310,1.11,2,0,0,0,0,2,2,0,4,0,1,0,0,0,0,65,-41,89,0.385,0.465662571,15.58441558,1 Indoor,4,22,7.4,3.29E-06,3.734,100,100,28,1
(PEG) Poly(ethylene glycol),10310,1.11,2,0,0,0,0,2,2,0,4,0,1,0,0,0,0,65,-41,89,0.385,0.465662571,15.58441558,1 Indoor,2,22,7.4,3.76E-07,17.44,80.34,82.69,181,1
(PEG) Poly(ethylene glycol),7426,1.11,2,0,0,0,0,2,2,0,4,0,1,0,0,0,0,63,-41,89,0.385,0.465662571,15.58441558,1 Indoor,4,22,7.4,0.000004691,3.678,100,99.91,27,1
(PEG) Poly(ethylene glycol),7426,1.11,2,0,0,0,0,2,2,0,4,0,1,0,0,0,0,63,-41,89,0.385,0.465662571,15.58441558,1 Indoor,2,22,7.4,4.48E-07,20.24,95.5,96.89,165,1
(PEG) Poly(ethylene glycol),4519,1.11,2,0,0,0,0,2,2,0,4,0,1,0,0,0,0,55,-41,89,0.385,0.465662571,15.58441558,1 Indoor,4,22,7.4,2.20E-06,1.238,100,100,30,1
(PEG) Poly(ethylene glycol),4519,1.11,2,0,0,0,0,2,2,0,4,0,1,0,0,0,0,55,-41,89,0.385,0.465662571,15.58441558,1 Indoor,2,22,7.4,3.38E-07,18.3,100,99.21,123,1
(PEG) Poly(ethylene glycol),4519,1.11,2,0,0,0,0,2,2,0,4,0,1,0,0,0,0,55,-41,89,0.385,0.465662571,15.58441558,1 Indoor,4,22,7.4,0.000002022,4.21,88.13,87,29,1
(PEG) Poly(ethylene glycol),4519,1.11,2,0,0,0,0,2,2,0,4,0,1,0,0,0,0,55,-41,89,0.385,0.465662571,15.58441558,1 Indoor,2,22,7.4,2.05E-07,31.51,95.94,81.36,123,0
(PEG) Poly(ethylene glycol),2009,1.11,2,0,0,0,0,2,2,0,4,0,1,0,0,0,0,55,-41,87,0.385,0.465662571,15.58441558,1 Indoor,4,22,7.4,0.000006478,2.954,98.05,98.15,28,1
(PEG) Poly(ethylene glycol),2009,1.11,2,0,0,0,0,2,2,0,4,0,1,0,0,0,0,55,-41,87,0.385,0.465662571,15.58441558,1 Indoor,2,22,7.4,1.33E-06,7.542,95.94,90.9,28,0
(PEG) Poly(ethylene glycol),974,1.11,2,0,0,0,0,2,2,0,4,0,1,0,0,0,0,35,-53.6,86,0.385,0.465662571,15.58441558,1 Indoor,4,22,7.4,0.000007265,1.403,91.35,95.87,36,1
(PEG) Poly(ethylene glycol),974,1.11,2,0,0,0,0,2,2,0,4,0,1,0,0,0,0,35,-53.6,86,0.385,0.465662571,15.58441558,1 Indoor,2,22,7.4,0.000023877,6.431,97.19,94.78,28,1
(PEG) Poly(ethylene glycol),251,1.11,2,0,0,0,0,2,2,0,4,0,1,0,0,0,0,6,-66.15,84,0.385,0.465662571,15.58441558,1 Indoor,4,22,7.4,2.34E-06,1.194,96.9,98.22,36,1
(PEG) Poly(ethylene glycol),251,1.11,2,0,0,0,0,2,2,0,4,0,1,0,0,0,0,6,-66.15,84,0.385,0.465662571,15.58441558,1 Indoor,2,22,7.4,1.02E-06,3.692,100,99.89,41,1
(PHA) Polyhydroxyalkanoate,,1.22,4,0,0,0,0,3,3,0,6,0,2,1,16.67,0,0,50,-44,13.1,0.23,8509.8,8.757190635,1 Indoor,6,37,7,4.17E-08,,97.52,10,30,0
(PHA) Polyhydroxyalkanoate,,1.22,4,0,0,0,0,3,3,0,6,0,2,1,16.67,0,0,50,-44,13.1,0.23,8509.8,8.757190635,1 Indoor,6,37,7,1.62E-08,,97.52,4,30,0
(PHA) Polyhydroxyalkanoate,,1.22,4,0,0,0,0,3,3,0,6,0,2,1,16.67,0,0,50,-44,13.1,0.23,8509.8,8.757190635,1 Indoor,6,37,7,6.91E-08,,97.52,16,30,0
(PHA) Polyhydroxyalkanoate,,1.22,4,0,0,0,0,3,3,0,6,0,2,1,16.67,0,0,50,-44,13.1,0.23,8509.8,8.757190635,1 Indoor,6,37,7,7.87E-08,,97.52,18,30,0
(PCL) Polycaprolactone,143160,1.1438,6,0,0,0,0,5,5,0,10,0,2,1,12.5,0,0,67.2,-61.6,62.01,0.5,5100,4.08,1 Indoor,0,30,7.2,3.32E-09,0,86.5,0.76,35,0
(PCL) Polycaprolactone,143160,1.1438,6,0,0,0,0,5,5,0,10,0,2,1,12.5,0,0,67.2,-61.6,62.01,0.5,5100,4.08,1 Indoor,7,30,7.2,1.56E-06,0,6.331,6.36,35,1
(P3HB) Poly(3-hydroxybutyrate),485000,1.22,4,0,0,1,1,1,1,1,6,0,2,1,16.67,0,0,174,5,62,0.04,410.5,50.26666667,1 Indoor,0,37,7.4,0.000010241,0,1,1,30,0
(PLA) Polylactic acid,452,1.26,3,0,0,1,1,0,0,1,4,0,2,1,20,0,0,65,-12.3,0.1,5,78.53981634,1.2,1 Indoor,5,20,7.4,2.23E-06,9.06,100,99.97,28,1
(PLA) Polylactic acid,438,1.28,3,0,0,1,1,0,0,1,4,0,2,1,20,0,0,65,-11.8,0.1,5,78.53981634,1.2,1 Indoor,5,20,7.4,0.000026505,12.57,100,94.16,28,1
(PLA) Polylactic acid,393,1.24,3,0,0,1,1,0,0,1,4,0,2,1,20,0,0,55,-26.8,0.1,5,78.53981634,1.2,1 Indoor,5,20,7.4,1.10E-06,3.327,100,91.8,28,1
(PLA) Polylactic acid,381,1.27,3,0,0,1,1,0,0,1,4,0,2,1,20,0,0,60,-19.2,0.1,5,78.53981634,1.2,1 Indoor,5,20,7.4,1.46E-06,4.035,100,99.88,28,1
(PLA) Polylactic acid,325,1.26,3,0,0,1,1,0,0,1,4,0,2,1,20,0,0,50,-29.2,0.1,5,78.53981634,1.2,1 Indoor,5,20,7.4,1.66E-06,7.227,100,91.07,28,1
(PLA) Polylactic acid,319,1.26,3,0,0,1,1,0,0,1,4,0,2,1,20,0,0,55,-26.3,0.1,5,78.53981634,1.2,1 Indoor,5,20,7.4,3.37E-06,4.35,100,99.81,28,1
(PLA) Polylactic acid,157503,1.26,3,0,0,1,1,0,0,1,4,0,2,1,20,0,0,170,65,37.6,0.08,1208,25.16666667,1 Indoor,0,30,7,4.82E-09,0,98.3,0.75,20,0
(PLA) Polylactic acid,157503,1.26,3,0,0,1,1,0,0,1,4,0,2,1,20,0,0,170,65,37.6,0.08,1208,25.16666667,1 Indoor,7,30,7.5,1.08E-07,8.489,98.3,11.44,20,0
(PLA) Polylactic acid,157503,1.26,3,0,0,1,1,0,0,1,4,0,2,1,20,0,0,170,65,37.6,0.08,1208,25.16666667,1 Indoor,7,30,8,8.14E-07,11.43,98.3,44.58,20,0
(P3HB) Poly(3-hydroxybutyrate),790000,1.25,4,0,0,1,1,1,1,1,6,0,2,1,16.67,0,0,173.1,4,61.78,2,3960,1.1,1 Indoor,0,30,7,4.81E-09,0.1606,97.52,1.6,40,0
(P3HB) Poly(3-hydroxybutyrate),790000,1.25,4,0,0,1,1,1,1,1,6,0,2,1,16.67,0,0,173.1,4,61.78,2,3960,1.1,1 Indoor,3,30,7,9.20E-08,10.6,97.52,20.3,40,0
(P3HB) Poly(3-hydroxybutyrate),1188000,1.25,4,0,0,1,1,1,1,1,6,0,2,1,16.67,0,0,175,6,61.78,0.01,400.6,200.3,1 Indoor,5,31,7,2.27E-08,0,97.52,9.9,60,0
(P3HB) Poly(3-hydroxybutyrate),1188000,1.25,4,0,0,1,1,1,1,1,6,0,2,1,16.67,0,0,175,6,61.78,0.01,400.6,200.3,1 Indoor,5,31,7,0.000010523,0,17.73,17.27,60,1
(P3HB) Poly(3-hydroxybutyrate),1188000,1.25,4,0,0,1,1,1,1,1,6,0,2,1,16.67,0,0,175,6,61.78,0.01,400.6,200.3,1 Indoor,5,31,7,5.96E-09,5.385,97.52,2.8,60,0
(PVA) Pol(yvinyl alcohol),48400,1.29,2,0,0,1,1,1,1,0,3,0,1,0,0,0,0,220,65,55,0.03,5006,66.74666667,1 Indoor,,58,8,1.62E-07,0,18.5,17.2,180,1
(PLA) Polylactic acid,960000,1.26,3,0,0,1,1,0,0,1,4,0,2,1,20,0,0,176,64,30.8,0.1,5020,20.08,1 Indoor,3,25,7.9,5.06E-09,3.242,98.3,1.04,30,0
(PLA) Polylactic acid,960000,1.26,3,0,0,1,1,0,0,1,4,0,2,1,20,0,0,176,64,30.8,2,316,1.58,2 Outdoor,3,25,7.9,1.89E-09,76.44,98.3,2.49,270,0
(PLA) Polylactic acid,147000,1.26,3,0,0,1,1,0,0,1,4,0,2,1,20,0,0,152,65,1.7,0.5,220,4.4,1 Indoor,7,37,7,4.40E-07,0,98.3,10.45,3,0
(PLA) Polylactic acid,35000,1.32,3,0,0,1,1,0,0,1,4,0,2,1,20,0,0,165,60,30.8,0.675,227,3.36,3 UV,1,37,7,7.64E-08,42.69,100,99.4,390,1
(PLA) Polylactic acid,35000,1.32,3,0,0,1,1,0,0,1,4,0,2,1,20,0,0,165,60,30.8,0.675,227,3.36,3 UV,1,37,7,9.43E-08,9.339,100,93,390,1
(PCL) Polycaprolactone,322000,1.142,6,0,0,0,0,5,5,0,10,0,2,1,12.5,0,0,64,-60,52,0.25,0.196,24,1 Indoor,5,25,7.4,1.29E-06,4.771,85,82,28,1
(PCL) Polycaprolactone,322000,1.142,6,0,0,0,0,5,5,0,10,0,2,1,12.5,0,0,64,-60,52,0.25,0.196,24,3 UV,5,25,7.4,1.53E-06,0.5432,90.33,87,28,1
(PCL) Polycaprolactone,160000,1.144,6,0,0,0,0,5,5,0,10,0,2,1,12.5,0,0,63,-60,55,0.25,0.196,24,1 Indoor,5,25,7.4,1.24E-06,4.933,80,78,28,1
(PCL) Polycaprolactone,160000,1.144,6,0,0,0,0,5,5,0,10,0,2,1,12.5,0,0,63,-60,55,0.25,0.196,24,3 UV,5,25,7.4,1.02E-06,1.623,89.77,81,28,1
(PLA) Polylactic acid,220000,1.28,3,0,0,1,1,0,0,1,4,0,2,1,20,0,0,156.2,59.5,27.06,0.152,4833.44,13.25,1 Indoor,0,23,7,2.99E-09,62.74,98.3,7.37,365,0
(PLA) Polylactic acid,220000,1.28,3,0,0,1,1,0,0,1,4,0,2,1,20,0,0,156.2,59.5,27.06,0.152,4833.44,13.25,1 Indoor,0,23,1.2,5.70E-09,6.178,98.3,4.2,90,0
(PLA) Polylactic acid,220000,1.28,3,0,0,1,1,0,0,1,4,0,2,1,20,0,0,156.2,59.5,27.06,0.152,4833.44,13.25,1 Indoor,0,23,12.7,1.91E-07,13.56,98.3,72.41,90,0
(PCL) Polycaprolactone,23000,1.145,6,0,0,0,0,5,5,0,10,0,2,1,12.5,0,0,60,-60,61,0.06,419.5,33.6,1 Indoor,6,35,7,2.12E-06,6.14,25.5,25,28.33333333,1
(PCL) Polycaprolactone,23000,1.145,6,0,0,0,0,5,5,0,10,0,2,1,12.5,0,0,60,-60,61,0.06,419.5,33.6,1 Indoor,6,35,7,1.44E-06,7.114,30,28,28.33333333,1
(PCL) Polycaprolactone,2000,1.1438,6,0,0,0,0,5,5,0,10,0,2,1,12.5,0,0,38,-60,25,1,510,2.266666667,1 Indoor,0,52.5,7.4,0.0000825,0.0711,86.5,42.8,4,0
(PCL) Polycaprolactone,2000,1.1438,6,0,0,0,0,5,5,0,10,0,2,1,12.5,0,0,38,-60,25,1,510,2.266666667,1 Indoor,7,52.5,7.4,7.60E-06,0.0863,86.5,99.42,4,0
 (PES)Poly(ethylene succinate),87000,1.36,6,0,0,0,0,4,4,0,8,0,4,2,20,0,0,106,-7,61,0.1,204,20.4,1 Indoor,2,25,7.7,3.44E-06,4.858,91.52,87.61,21,1
(PCL) Polycaprolactone,113900,1.1438,6,0,0,0,0,5,5,0,10,0,2,1,12.5,0,0,62,-70,55,0.1,204,20.4,1 Indoor,2,25,7.7,1.79E-06,0,75,75,28,1
(PEA) Poly(ethylene adipate),144000,1.22,8,0,0,0,0,6,6,0,12,0,4,2,16.67,0,0,49,-46,74,0.1,204,20.4,1 Indoor,2,25,7.7,8.40E-07,9.366,86.95,66.55,28,0
(P3HB) Poly(3-hydroxybutyrate),1459200,1.25,4,0,0,1,1,1,1,1,6,0,2,1,16.67,0,0,175,6,71,0.075,10022.5,26.73,2 Outdoor,2,22,7.9,9.88E-08,0,97.52,16,21,0
(P3HB) Poly(3-hydroxybutyrate),735000,1.22,4,0,0,1,1,1,1,1,6,0,2,1,16.67,0,0,178,4,60,0.1,204,20.4,1 Indoor,2,25,7.7,1.56E-06,6.99,91.2,83.03,28,1
(P4HB) Poly(4-hydroxybutyrate),779700,1.22,4,0,0,0,0,3,3,0,6,0,2,1,16.67,0,0,53,-48,34,0.1,204,20.4,1 Indoor,2,25,7.7,2.42E-06,4.393,82.61,81.82,28,1
"(PDLLA) Poly-D,L-lactic acid",75100,1.25,3,0,0,1,1,0,0,1,4,0,2,1,20,0,0,,51.1,1,0.385,1144,1.181818182,1 Indoor,0,37,7.4,0.000001089,0,63.95,65.72,56,1
"(PDLLA) Poly-D,L-lactic acid",62500,1.25,3,0,0,1,1,0,0,1,4,0,2,1,20,0,0,,44.8,1,2,1144,1.181818182,1 Indoor,0,37,7.4,4.66E-08,0,75.09,10.24,49,0
(P3HB) Poly(3-hydroxybutyrate),327000,1.22,4,0,0,1,1,1,1,1,6,0,2,1,16.67,0,0,173,4,59,0.385,0.465662571,15.58441558,1 Indoor,4,25,7.1,1.73E-06,3.3,70.61,69.4,29.16666667,1
(PLLA) Poly-L-lactic acid,124000,1.28,3,0,0,1,1,0,0,1,4,0,2,1,20,0,0,173,66,1,0.8,232,2.9,1 Indoor,0,37,12.8,1.86E-07,0,100,54.14,49,0
(PLLA) Poly-L-lactic acid,117000,1.28,3,0,0,1,1,0,0,1,4,0,2,1,20,0,0,173,66,2.5,0.8,232,2.9,1 Indoor,0,37,12.8,1.77E-07,0,100,46.95,49,0
(PCL) Polycaprolactone,59885,1.1438,6,0,0,0,0,5,5,0,10,0,2,1,12.5,0,0,62.8,-60,24.3,4,160,1.25,3 UV,7,37,7.4,6.19E-07,3.325,86.5,65.02,25,0
(PCL) Polycaprolactone,58938,1.1438,6,0,0,0,0,5,5,0,10,0,2,1,12.5,0,0,62.8,-60,23.4,4,160,1.25,3 UV,7,37,7.4,7.15E-07,3.652,86.5,72.42,25,0
(PCL) Polycaprolactone,58788,1.1438,6,0,0,0,0,5,5,0,10,0,2,1,12.5,0,0,62.8,-60,24,4,160,1.25,3 UV,7,37,7.4,6.82E-07,3.478,86.5,70.28,25,0
(PHA) Polyhydroxyalkanoate,225000,1.22,4,0,0,0,0,3,3,0,6,0,2,1,16.67,0,0,55.5,-35.4,13.1,0.12,410.5,16.93333333,1 Indoor,6,30,7.2,0.000020464,0,53,53,3,1
(PHA) Polyhydroxyalkanoate,142500,1.22,4,0,0,0,0,3,3,0,6,0,2,1,16.67,0,0,53.5,-37.5,10.3,0.12,410.5,16.93333333,1 Indoor,6,30,7.2,6.43E-06,0.5183,35,20,3,1
(PLLA) Poly-L-lactic acid,336800,1.28,3,0,0,1,1,0,0,1,4,0,2,1,20,0,0,175,62,38.23,0.075,1809,26.8,1 Indoor,5,27.5,7.75,8.95E-09,0,100,4.44,70,0
(PLLA) Poly-L-lactic acid,336800,1.28,3,0,0,1,1,0,0,1,4,0,2,1,20,0,0,175,62,38.23,0.075,1809,26.8,3 UV,5,27.5,7.75,1.22E-08,0.7979,100,5.84,70,0
(P3HB) Poly(3-hydroxybutyrate),190000,1.22,4,0,0,1,1,1,1,1,6,0,2,1,16.67,0,0,168.4,2,67.67,3.5,17593,0.62,0 Dark,5,35,7.25,2.98E-07,14.931,100,99.7,133,1
(P3HB) Poly(3-hydroxybutyrate),180000,1.22,4,0,0,1,1,1,1,1,6,0,2,1,16.67,0,0,167.6,2,61.32,0.24,1324.98,8.49,0 Dark,5,35,7.25,6.08E-07,3.857,100,94.1,56,1
(P3HB) Poly(3-hydroxybutyrate),150000,1.22,4,0,0,1,1,1,1,1,6,0,2,1,16.67,0,0,165.6,2,62.69,1.2,588.8,1.92,0 Dark,5,35,7.25,2.33E-07,12.635,100,73.2,112,1
(P3HB) Poly(3-hydroxybutyrate),150000,1.22,4,0,0,1,1,1,1,1,6,0,2,1,16.67,0,0,165.6,2,62.69,1.2,2288,1.82,0 Dark,5,35,7.25,5.63E-07,11.928,100,97.2,56,1
(P3HB) Poly(3-hydroxybutyrate),150000,1.22,4,0,0,1,1,1,1,1,6,0,2,1,16.67,0,0,165.6,2,62.69,1.2,1124.4,1.89,0 Dark,5,35,7.25,2.67E-07,0,85.54,73,85,0
(P3HB) Poly(3-hydroxybutyrate),150000,1.22,4,0,0,1,1,1,1,1,6,0,2,1,16.67,0,0,165.6,2,62.69,1.2,1124.4,1.89,0 Dark,5,35,7.25,2.77E-07,0,85.54,67.1,65,0
(P3HB) Poly(3-hydroxybutyrate),150000,1.22,4,0,0,1,1,1,1,1,6,0,2,1,16.67,0,0,165.6,2,62.69,1.2,1124.4,1.89,0 Dark,5,35,7.25,5.56E-07,4,85.54,82.8,80,0
(P3HB) Poly(3-hydroxybutyrate),140000,1.22,4,0,0,1,1,1,1,1,6,0,2,1,16.67,0,0,165,2,72.37,0.385,0.465662571,15.58441558,0 Dark,5,35,7.25,1.76E-06,4,85.54,63.4,13,0
(P3HB) Poly(3-hydroxybutyrate),140000,1.22,4,0,0,1,1,1,1,1,6,0,2,1,16.67,0,0,165,2,72.37,0.385,0.465662571,15.58441558,0 Dark,5,35,7.25,1.86E-06,2,85.54,68,12,0
(P3HB) Poly(3-hydroxybutyrate),120000,1.22,4,0,0,1,1,1,1,1,6,0,2,1,16.67,0,0,164.3,2,71.69,0.5,1300,4.16,0 Dark,5,35,7.25,5.38E-07,9.912,100,99.5,84,1
(P3HB) Poly(3-hydroxybutyrate),110000,1.22,4,0,0,1,1,1,1,1,6,0,2,1,16.67,0,0,163.5,2,71.01,5,750,0.67,0 Dark,5,35,7.25,7.31E-08,14,97.52,68.9,224,0
(PCL) Polycaprolactone,80000,1.1438,6,0,0,0,0,5,5,0,10,0,2,1,12.5,0,0,59,-59,60,0.03,6010.2,66.78,2 Outdoor,0,21,7.64,1.58E-07,0,6.99,6.52,196,1
(PCL) Polycaprolactone,80000,1.1438,6,0,0,0,0,5,5,0,10,0,2,1,12.5,0,0,59,-59,60,0.03,6010.2,66.78,2 Outdoor,3,21,7.98,1.36E-07,10.514,9.58,8.52,196,1
(PCL) Polycaprolactone,160000,1.1438,6,0,0,0,0,5,5,0,10,0,2,1,12.5,0,0,60,-60,63.3,0.28,176.05,14.3,1 Indoor,6,25,7,3.99E-06,0,86.5,48.56,2.5,0
(PCL) Polycaprolactone,160000,1.1438,6,0,0,0,0,5,5,0,10,0,2,1,12.5,0,0,60,-60,63.3,0.28,176.05,14.3,1 Indoor,7,25,7,9.44E-06,0.1215,86.5,79.23,2.5,0
(PCL) Polycaprolactone,160000,1.1438,6,0,0,0,0,5,5,0,10,0,2,1,12.5,0,0,60,-60,63.3,0.28,176.05,14.3,1 Indoor,7,25,7,0.000012019,0.1028,100,91.85,2.083333333,0
(PCL) Polycaprolactone,160000,1.1438,6,0,0,0,0,5,5,0,10,0,2,1,12.5,0,0,60,-60,63.3,0.28,176.05,14.3,1 Indoor,7,25,7,0.000017458,0.0974,100,95.05,1.666666667,0
(PCL) Polycaprolactone,160000,1.1403,6,0,0,0,0,5,5,0,10,0,2,1,12.5,0,0,59,-60,40,0.28,176.05,14.3,1 Indoor,6,25,7,0.000009825,0.0132,86.5,55.22,1.25,0
(PCL) Polycaprolactone,160000,1.1403,6,0,0,0,0,5,5,0,10,0,2,1,12.5,0,0,59,-60,40,0.28,176.05,14.3,1 Indoor,7,25,7,0.000019142,0.0276,100,91.93,1.25,0
(PCL) Polycaprolactone,160000,1.1403,6,0,0,0,0,5,5,0,10,0,2,1,12.5,0,0,59,-60,40,0.28,176.05,14.3,1 Indoor,7,25,7,0.000030528,0.025,100,96.63,0.958333333,0
(PCL) Polycaprolactone,160000,1.1403,6,0,0,0,0,5,5,0,10,0,2,1,12.5,0,0,59,-60,40,0.28,176.05,14.3,1 Indoor,7,25,7,0.00004225,0.0148,100,97.52,0.708333333,0
(P3HB) Poly(3-hydroxybutyrate),473000,0.818,4,0,0,1,1,1,1,1,6,0,2,1,16.67,0,0,174.7,6.3,59,0.1,204,20.4,1 Indoor,7,37,7.5,3.19E-06,0.0659,97.52,29.71,1.333333333,0
(PCL) Polycaprolactone,80000,1.1438,6,0,0,0,0,5,5,0,10,0,2,1,12.5,0,0,59,-60,51.8,0.06,6020.4,33.45,2 Outdoor,1,11.4,8.4,5.01E-08,165.27,86.5,39,294,0
(PCL) Polycaprolactone,80000,1.1438,6,0,0,0,0,5,5,0,10,0,2,1,12.5,0,0,59,-60,51.8,0.06,6020.4,33.45,2 Outdoor,3,18.95,8.55,2.36E-07,13.041,86.5,33.8,35,0
(PCL) Polycaprolactone,165000,1.1438,6,0,0,0,0,5,5,0,10,0,2,1,12.5,0,0,63.5,-60,63.6,0.1,160.22,20.4,3 UV,7,37,7,1.13E-08,0,86.5,2.8,42,0
(PCL) Polycaprolactone,132000,1.1438,6,0,0,0,0,5,5,0,10,0,2,1,12.5,0,0,63.5,-60,64.1,0.1,160.22,20.4,3 UV,6,37,7,4.84E-08,12.52,86.5,10,42,0
(PHA) Polyhydroxyalkanoate,,1.22,4,0,0,0,0,3,3,0,6,0,2,1,16.67,0,0,50,-44,13.1,0.12,457.2,16.93333333,1 Indoor,0,28,7,4.76E-08,0,97.52,10.6,28,0
(PHA) Polyhydroxyalkanoate,,1.22,4,0,0,0,0,3,3,0,6,0,2,1,16.67,0,0,50,-44,13.1,0.12,457.2,16.93333333,1 Indoor,3,28,7.48,8.15E-07,0,97.52,33.6,6,0
(PHA) Polyhydroxyalkanoate,,1.22,4,0,0,0,0,3,3,0,6,0,2,1,16.67,0,0,50,-44,13.1,0.12,457.2,16.93333333,1 Indoor,3,28,7.48,1.40E-07,0,97.52,20.9,20,0
(PHA) Polyhydroxyalkanoate,,1.22,4,0,0,0,0,3,3,0,6,0,2,1,16.67,0,0,50,-44,13.1,0.12,457.2,16.93333333,1 Indoor,3,28,7.48,2.21E-07,0,97.52,53,41,0
(PHA) Polyhydroxyalkanoate,,1.22,4,0,0,0,0,3,3,0,6,0,2,1,16.67,0,0,50,-44,13.1,0.12,457.2,16.93333333,1 Indoor,3,28,7.48,6.70E-08,0,97.52,28.6,60,0
(PHA) Polyhydroxyalkanoate,,1.22,4,0,0,0,0,3,3,0,6,0,2,1,16.67,0,0,50,-44,13.1,0.12,457.2,16.93333333,1 Indoor,3,28,7.48,1.77E-07,0,97.52,71.3,86,0
(P3HB) Poly(3-hydroxybutyrate),540000,1.22,4,0,0,1,1,1,1,1,6,0,2,1,16.67,0,0,168.3,2,63.44,0.12,457.2,16.93333333,1 Indoor,3,28,7.48,9.30E-07,0,100,99.9,86,0
(PCL) Polycaprolactone,80500,1.0336,6,0,0,0,0,5,5,0,10,0,2,1,12.5,0,0,60,-60,55,0.5,5000,4,1 Indoor,3,25,7.5,1.17E-07,4.515,86.5,45.1,70,0
(PVA) Pol(yvinyl alcohol),74800,1.29,2,0,0,1,1,1,1,0,3,0,1,0,0,0,0,184.09,48,13,2,316,1.58,1 Indoor,0,25,7,5.69E-06,0,60.21,62.18,20,1
(PVA) Pol(yvinyl alcohol),74800,1.29,2,0,0,1,1,1,1,0,3,0,1,0,0,0,0,163,40,13,2,316,1.58,2 Outdoor,3,8.4,8.19,0.000002838,0,38.46,34.13,120,1
(PVA) Pol(yvinyl alcohol),74800,1.29,2,0,0,1,1,1,1,0,3,0,1,0,0,0,0,162.61,40,13,2,316,1.58,1 Indoor,0,25,7,7.49E-06,0,100,100,8,1
(PVA) Pol(yvinyl alcohol),48400,1.29,2,0,0,1,1,1,1,0,3,0,1,0,0,0,0,220,65,55,0.385,0.465662571,15.58441558,3 UV,6,37,6,2.23E-06,0,90.05,60.24,7,0
(PVA) Pol(yvinyl alcohol),48400,1.29,2,0,0,1,1,1,1,0,3,0,1,0,0,0,0,220,65,55,0.385,0.465662571,15.58441558,3 UV,6,37,6,1.62E-06,0,88.53,53.25,7,0
(PVA) Pol(yvinyl alcohol),48400,1.29,2,0,0,1,1,1,1,0,3,0,1,0,0,0,0,220,65,55,0.385,0.465662571,15.58441558,3 UV,6,37,6,2.34E-06,0,88.53,67.33,7,0
(PVA) Pol(yvinyl alcohol),48400,1.29,2,0,0,1,1,1,1,0,3,0,1,0,0,0,0,220,65,55,0.385,0.465662571,15.58441558,3 UV,6,37,6,2.11E-06,0,90.05,57.97,7,0
(PVA) Pol(yvinyl alcohol),48400,1.29,2,0,0,1,1,1,1,0,3,0,1,0,0,0,0,220,65,55,0.385,0.465662571,15.58441558,3 UV,6,37,6,1.54E-06,0.1615,88.53,51.66,7,0
(PVA) Pol(yvinyl alcohol),48400,1.29,2,0,0,1,1,1,1,0,3,0,1,0,0,0,0,220,65,55,0.385,0.465662571,15.58441558,3 UV,6,37,6,2.20E-06,0.7998,88.53,71.21,7,0
(PVA) Pol(yvinyl alcohol),22000,1.29,2,0,0,1,1,1,1,0,3,0,1,0,0,0,0,218.66,65,55,2,316,1.58,1 Indoor,0,25,7,0.000011197,0,23.45,24.72,20,1
(PVA) Pol(yvinyl alcohol),22000,1.29,2,0,0,1,1,1,1,0,3,0,1,0,0,0,0,193.7,59.4,47.34,2,316,1.58,1 Indoor,0,25,7,9.13E-06,0,100,99.82,6,1
(PCL) Polycaprolactone,110104,1.1438,6,0,0,0,0,5,5,0,10,0,2,1,12.5,0,0,60,-60,55,2,316,1.58,2 Outdoor,3,15.25,8.12,1.06E-08,9.291,86.5,6.39,90,0
(PVA) Pol(yvinyl alcohol),22000,1.29,2,0,0,1,1,1,1,0,3,0,1,0,0,0,0,177.08,53.8,39.68,2,316,1.58,1 Indoor,0,25,7,0.000051748,1.408,100,100,4,1
(PLA) Polylactic acid,147000,1.26,3,0,0,1,1,0,0,1,4,0,2,1,20,0,0,152,65,1.7,2,316,1.58,2 Outdoor,3,8.4,8.19,1.63E-10,0,98.3,0.07,120,0
(PLLA) Poly-L-lactic acid,227000,1.28,3,0,0,1,1,0,0,1,4,0,2,1,20,0,0,170,60,2,0.2,3232,10.1,1 Indoor,0,37,8.5,2.17E-09,0,100,0.33,21,0
(PLLA) Poly-L-lactic acid,227000,1.28,3,0,0,1,1,0,0,1,4,0,2,1,20,0,0,170,60,2,0.1,204,20.4,1 Indoor,0,37,8.5,1.83E-07,0,100,5.18,4,0
(PLLA) Poly-L-lactic acid,227000,1.28,3,0,0,1,1,0,0,1,4,0,2,1,20,0,0,170,60,2,0.2,3232,10.1,1 Indoor,7,37,8.5,0.000016551,0,5.3,5.2,21,1
(PLLA) Poly-L-lactic acid,227000,1.28,3,0,0,1,1,0,0,1,4,0,2,1,20,0,0,170,60,2,0.1,204,20.4,1 Indoor,7,37,8.5,0.000038356,0,55,54.39,4,1
(P3HB) Poly(3-hydroxybutyrate),540000,1.22,4,0,0,1,1,1,1,1,6,0,2,1,16.67,0,0,168.3,2,63.44,2,1144,1.181818182,1 Indoor,0,25,7,2.28E-07,0,24.87,23.12,106,1
(P3HB) Poly(3-hydroxybutyrate),540000,1.22,4,0,0,1,1,1,1,1,6,0,2,1,16.67,0,0,168.3,2,63.44,2,1144,1.181818182,1 Indoor,0,25,10,1.01E-06,0,28.23,30.36,84,1
(P3HB) Poly(3-hydroxybutyrate),540000,1.22,4,0,0,1,1,1,1,1,6,0,2,1,16.67,0,0,168.3,2,63.44,2,1144,1.181818182,1 Indoor,4,22,8,8.59E-08,0,97.52,18.3,28,0
(P3HB) Poly(3-hydroxybutyrate),540000,1.22,4,0,0,1,1,1,1,1,6,0,2,1,16.67,0,0,168.3,2,63.44,2,1144,1.181818182,1 Indoor,4,37,7,1.68E-07,0,97.52,32.6,28,0
(PLA) Polylactic acid,140000,1.26,3,0,0,1,1,0,0,1,4,0,2,1,20,0,0,146.19,59.5,54.08,0.3,824,6.866666667,1 Indoor,6,25,6.8,6.65E-07,8.581,98.3,60.02,25,0
(PLA) Polylactic acid,560000,1.26,3,0,0,1,1,0,0,1,4,0,2,1,20,0,0,176,64,30.8,0.046,4058.28,43.56714976,1 Indoor,6,30,6,5.81E-09,0,98.3,0.7,14,0
(PLA) Polylactic acid,560000,1.26,3,0,0,1,1,0,0,1,4,0,2,1,20,0,0,176,64,30.8,0.046,4058.28,43.56714976,1 Indoor,7,30,8.2,2.48E-09,0,98.3,0.3,14,0
(PHA) Polyhydroxyalkanoate,,1.22,4,0,0,0,0,3,3,0,6,0,2,1,16.67,0,0,126.22,-16.7,1.47,0.385,0.465662571,15.58441558,1 Indoor,7,40,8,1.32E-06,0.03128,97.52,28.3,3,0
 (PES)Poly(ethylene succinate),87000,1.36,6,0,0,0,0,4,4,0,8,0,4,2,20,0,0,106,-7,61,0.1,19.2,21.33333333,1 Indoor,2,25,7.4,4.70E-06,2.812,85.06,87.54,28,1
 (PES)Poly(ethylene succinate),87000,1.36,6,0,0,0,0,4,4,0,8,0,4,2,20,0,0,106,-7,61,0.1,19.2,21.33333333,1 Indoor,1,25,7.4,5.53E-06,3.178,80.38,78.07,28,1
(PCL) Polycaprolactone,187000,1.1438,6,0,0,0,0,5,5,0,10,0,2,1,12.5,0,0,62,-62,63,0.1,19.2,21.33333333,1 Indoor,2,25,7.4,3.40E-06,7.478,85.62,82.08,28,1
(PCL) Polycaprolactone,187000,1.1438,6,0,0,0,0,5,5,0,10,0,2,1,12.5,0,0,62,-62,63,0.1,19.2,21.33333333,1 Indoor,1,25,7.4,1.92E-06,5.191,80.05,76.22,28,1
(PCL) Polycaprolactone,187000,1.1438,6,0,0,0,0,5,5,0,10,0,2,1,12.5,0,0,62,-62,63,0.1,19.2,21.33333333,1 Indoor,3,25,7.9,0.000013449,1.714,80.37,79.94,28,1
(PCL) Polycaprolactone,187000,1.1438,6,0,0,0,0,5,5,0,10,0,2,1,12.5,0,0,62,-62,63,0.1,19.2,21.33333333,1 Indoor,2,25,7.9,1.07E-06,0,60,55.17,28,1
(P3HB) Poly(3-hydroxybutyrate),140000,1.22,4,0,0,1,1,1,1,1,6,0,2,1,16.67,0,0,165,2,72.37,0.001,353.48,2000.3,1 Indoor,6,28,7,1.60E-09,0,97.52,0.1,20,0
(P3HB) Poly(3-hydroxybutyrate),140000,1.22,4,0,0,1,1,1,1,1,6,0,2,1,16.67,0,0,165,2,72.37,0.001,353.48,2000.3,3 UV,6,28,7,1.14E-07,8.725,97.52,10.53,20,0
(P3HB) Poly(3-hydroxybutyrate),140000,1.22,4,0,0,1,1,1,1,1,6,0,2,1,16.67,0,0,165,2,72.37,0.001,353.48,2000.3,3 UV,6,28,7,2.90E-07,0,97.52,32.58,20,0
(P3HB) Poly(3-hydroxybutyrate),140000,1.22,4,0,0,1,1,1,1,1,6,0,2,1,16.67,0,0,165,2,72.37,0.001,353.48,2000.3,1 Indoor,6,28,7,2.03E-08,0,97.52,1.35,20,0
(P3HB) Poly(3-hydroxybutyrate),140000,1.22,4,0,0,1,1,1,1,1,6,0,2,1,16.67,0,0,165,2,72.37,0.001,353.48,2000.3,3 UV,6,28,7,2.74E-08,0,97.52,4.4,20,0
(P3HB) Poly(3-hydroxybutyrate),140000,1.22,4,0,0,1,1,1,1,1,6,0,2,1,16.67,0,0,165,2,72.37,0.001,353.48,2000.3,3 UV,6,28,7,2.72E-08,0,97.52,3.81,20,0
"(PDLLA) Poly-D,L-lactic acid",278000,1.37,3,0,0,1,1,0,0,1,4,0,2,1,20,0,0,,43.5,1,0.1,3216,20.1,1 Indoor,0,37,7.4,7.69E-06,0.005324,2.518,3.04,28,1
(PLA) Polylactic acid,147700,1.08,3,0,0,1,1,0,0,1,4,0,2,1,20,0,0,146,57.5,9.61,0.45,141.62,8.91,1 Indoor,0,37,7,2.54E-08,0,98.3,18.88,100,0
(P3HB) Poly(3-hydroxybutyrate),652000,1.2,4,0,0,1,1,1,1,1,6,0,2,1,16.67,0,0,179,1,88.58,0.05,202,40.4,1 Indoor,7,37,7.4,0.000011433,0.0522,97.52,51.15,0.791666667,0
(PLA) Polylactic acid,235000,1.26,3,0,0,1,1,0,0,1,4,0,2,1,20,0,0,168,63,45.79,0.000275,2.38E-07,21818.18182,1 Indoor,7,37,7.4,0.000020864,0.0426,98.3,47.86,0.416666667,0
(PLA) Polylactic acid,235000,1.26,3,0,0,1,1,0,0,1,4,0,2,1,20,0,0,168,63,45.79,0.05,202,40.4,1 Indoor,7,37,7.4,1.01E-06,0.2391,98.3,55.68,9,0
(P3HB) Poly(3-hydroxybutyrate),540000,1.22,4,0,0,1,1,1,1,1,6,0,2,1,16.67,0,0,168.3,2,63.44,0.1,204,20.4,3 UV,6,37,7.4,0.00019097,0.0712,100,99.58,0.25,1
(P3HB) Poly(3-hydroxybutyrate),540000,1.22,4,0,0,1,1,1,1,1,6,0,2,1,16.67,0,0,168.3,2,63.44,0.1,204,20.4,3 UV,6,50,7.4,0.000011455,0,100,100,6,1
(P3HB) Poly(3-hydroxybutyrate),540000,1.22,4,0,0,1,1,1,1,1,6,0,2,1,16.67,0,0,168.3,2,63.44,0.1,204,20.4,3 UV,6,37,7.4,0.000039734,0.1892,100,100,1,1
(PLA) Polylactic acid,147000,1.26,3,0,0,1,1,0,0,1,4,0,2,1,20,0,0,146.19,59.5,92,0.216,15050,15.93,1 Indoor,7,40,8,3.07E-08,3.459,98.3,4.73,21,0
(PLA) Polylactic acid,147000,1.26,3,0,0,1,1,0,0,1,4,0,2,1,20,0,0,146.19,59.5,88,0.216,15050,15.93,1 Indoor,7,40,8,9.20E-09,0,98.3,1.39,21,0
(PLA) Polylactic acid,147000,1.26,3,0,0,1,1,0,0,1,4,0,2,1,20,0,0,146.19,59.5,88,0.216,15050,15.93,1 Indoor,7,60,9.5,2.09E-07,7.494,98.3,25.35,21,0
(PLA) Polylactic acid,147000,1.26,3,0,0,1,1,0,0,1,4,0,2,1,20,0,0,152,65,1.7,0.1,204,20.4,3 UV,6,50,7.4,1.05E-06,17.45,100,100,76,1
(PLA) Polylactic acid,147000,1.26,3,0,0,1,1,0,0,1,4,0,2,1,20,0,0,152,65,1.7,0.1,204,20.4,3 UV,6,50,7.4,3.12E-06,17.4,100,100,30,1
(PCL) Polycaprolactone,126000,1.1438,6,0,0,0,0,5,5,0,10,0,2,1,12.5,0,0,61.2,-60,53.04,0.1,204,20.4,3 UV,6,50,7.4,8.08E-07,16.98,100,100,52,1
(PLA) Polylactic acid,72300,1.26,3,0,0,1,1,0,0,1,4,0,2,1,20,0,0,154.1106754,66,31.9,4,1592,0.737037037,1 Indoor,7,37,7.2,2.91E-07,16.53,98.3,44.44,40,0
"(PDLLA) Poly-D,L-lactic acid",85000,1.25,3,0,0,1,1,0,0,1,4,0,2,1,20,0,0,,55,1,0.25,210,8.4,1 Indoor,7,37,7.4,2.70E-06,0.6106,75.09,44.6,4,0
(PCL) Polycaprolactone,118000,1.145,6,0,0,0,0,5,5,0,10,0,2,1,12.5,0,0,61.1,-60,44.2,0.12,1212,16.83333333,1 Indoor,0,37,13.5,7.22E-06,3.004,24.31,24.14,14.04166667,1
(PCL) Polycaprolactone,118000,1.145,6,0,0,0,0,5,5,0,10,0,2,1,12.5,0,0,61.1,-60,44.2,0.12,1212,16.83333333,1 Indoor,0,37,13.5,8.23E-08,0,86.5,4.2,7,0
"(PDLLA) Poly-D,L-lactic acid",105000,1.25,3,0,0,1,1,0,0,1,4,0,2,1,20,0,0,,38,1,5,667.5884389,0.85,1 Indoor,0,37,7,2.76E-07,26.782,100,96.11,112,0
(PLA) Polylactic acid,99000,1.24,3,0,0,1,1,0,0,1,4,0,2,1,20,0,0,149,59,33,0.1,1612,20.15,1 Indoor,6,28,7,9.40E-09,6.138,98.3,1.2,21,0
(PCL) Polycaprolactone,126000,1.1438,6,0,0,0,0,5,5,0,10,0,2,1,12.5,0,0,61.2,-60,53.04,0.12,103.6,17.26666667,1 Indoor,7,35,8,4.44E-06,0.7017,86.5,33.82,2,0
(PCL) Polycaprolactone,126000,1.1438,6,0,0,0,0,5,5,0,10,0,2,1,12.5,0,0,61.2,-60,53.04,0.12,103.6,17.26666667,1 Indoor,7,50,8,0.000013808,1.0862,86.5,64.71,2,0
(PCL) Polycaprolactone,126000,1.1438,6,0,0,0,0,5,5,0,10,0,2,1,12.5,0,0,61.2,-60,53.04,0.12,103.6,17.26666667,1 Indoor,7,40,8,0.000013947,0.7696,86.5,77.23,2,0
(P3HB) Poly(3-hydroxybutyrate),260000,1.22,4,0,0,1,1,1,1,1,6,0,2,1,16.67,0,0,172.7,3.5,49.39,0.003,200,666.67,3 UV,6,28,7,7.27E-09,0,97.52,2.44,45,0
(PCL) Polycaprolactone,120000,1.145,6,0,0,0,0,5,5,0,10,0,2,1,12.5,0,0,58.9,-59,37.92,0.003,200,666.67,3 UV,6,28,7,4.51E-08,0,86.5,16.83,45,0
(PCL) Polycaprolactone,165580,1.1438,6,0,0,0,0,5,5,0,10,0,2,1,12.5,0,0,63,-60,50.5,0.1,204,20.4,1 Indoor,7,37,7.4,1.34E-07,0,86.5,20.33,27,0
(PCL) Polycaprolactone,206341,1.1438,6,0,0,0,0,5,5,0,10,0,2,1,12.5,0,0,64,-60,53.5,0.1,204,20.4,1 Indoor,7,37,7.4,1.88E-06,0,82.04,79.55,27,1
(PCL) Polycaprolactone,247317,1.1438,6,0,0,0,0,5,5,0,10,0,2,1,12.5,0,0,63,-60,70,0.1,204,20.4,1 Indoor,7,37,7.4,2.52E-06,0,45.83,44.9,27,1
(PCL) Polycaprolactone,226829,1.1438,6,0,0,0,0,5,5,0,10,0,2,1,12.5,0,0,63,-60,56.1,0.1,204,20.4,1 Indoor,7,37,7.4,1.35E-06,0,76.22,75.59,27,1
(PCL) Polycaprolactone,135000,1.1438,6,0,0,0,0,5,5,0,10,0,2,1,12.5,0,0,60.1,-60,41.9,0.1,204,20.4,1 Indoor,7,37,7.4,1.24E-06,0,86.5,82.33,27,0
(PCL) Polycaprolactone,150000,1.1438,6,0,0,0,0,5,5,0,10,0,2,1,12.5,0,0,62.1,-60,48.2,0.1,204,20.4,1 Indoor,7,37,7.4,7.65E-07,0,74.86,63.02,27,1
(PCL) Polycaprolactone,22000,1.1438,6,0,0,0,0,5,5,0,10,0,2,1,12.5,0,0,60,-60,61,0.2,412,10.3,1 Indoor,6,37,7.4,4.90E-09,0,86.5,1.02,28,0
(PCL) Polycaprolactone,22000,1.1438,6,0,0,0,0,5,5,0,10,0,2,1,12.5,0,0,60,-60,61,0.2,412,10.3,1 Indoor,6,37,7.4,3.65E-09,0,86.5,0.76,28,0
(P3HB) Poly(3-hydroxybutyrate),540000,1.22,4,0,0,1,1,1,1,1,6,0,2,1,16.67,0,0,168.3,2,63.44,0.25,415,8.3,1 Indoor,1,20,6.7,1.04E-08,0,97.52,15.8,200,0
(P3HB) Poly(3-hydroxybutyrate),540000,1.22,4,0,0,1,1,1,1,1,6,0,2,1,16.67,0,0,168.3,2,63.44,0.25,415,8.3,1 Indoor,1,30,6.7,2.33E-08,22.86,97.52,29.2,200,0
(P3HB) Poly(3-hydroxybutyrate),540000,1.22,4,0,0,1,1,1,1,1,6,0,2,1,16.67,0,0,168.3,2,63.44,0.25,415,8.3,1 Indoor,1,40,6.7,2.91E-08,30.23,97.52,33.9,200,0
(P3HB) Poly(3-hydroxybutyrate),540000,1.22,4,0,0,1,1,1,1,1,6,0,2,1,16.67,0,0,168.3,2,63.44,0.25,415,8.3,1 Indoor,5,20,6.85,1.69E-08,37.58,97.52,20.6,200,0
(P3HB) Poly(3-hydroxybutyrate),540000,1.22,4,0,0,1,1,1,1,1,6,0,2,1,16.67,0,0,168.3,2,63.44,0.25,415,8.3,1 Indoor,5,30,6.85,4.35E-08,36.87,97.52,44.7,200,0
(P3HB) Poly(3-hydroxybutyrate),540000,1.22,4,0,0,1,1,1,1,1,6,0,2,1,16.67,0,0,168.3,2,63.44,0.25,415,8.3,1 Indoor,5,40,6.85,3.93E-08,34.7,97.52,41.9,200,0
(P3HB) Poly(3-hydroxybutyrate),703600,1.25,4,0,0,1,1,1,1,1,6,0,2,1,16.67,0,0,171,2,64,0.35,51.2,6.565349544,1 Indoor,0,70,10,1.98E-07,0,97.52,21.93,14.5,0
(P3HB) Poly(3-hydroxybutyrate),703600,1.25,4,0,0,1,1,1,1,1,6,0,2,1,16.67,0,0,171,2,64,0.35,51.2,6.565349544,1 Indoor,7,37,7.4,8.31E-08,0,97.52,1.64,2,0
(P3HB) Poly(3-hydroxybutyrate),540000,1.22,4,0,0,1,1,1,1,1,6,0,2,1,16.67,0,0,168.3,2,63.44,0.35,51.2,6.565349544,1 Indoor,0,70,10,1.00E-07,0,97.52,9.78,14.5,0
(P3HB) Poly(3-hydroxybutyrate),540000,1.22,4,0,0,1,1,1,1,1,6,0,2,1,16.67,0,0,168.3,2,63.44,0.35,51.2,6.565349544,1 Indoor,7,37,7.4,0.0011,0.1663,100,100,0.333333333,1
(P3HB) Poly(3-hydroxybutyrate),540000,1.22,4,0,0,1,1,1,1,1,6,0,2,1,16.67,0,0,168.3,2,63.44,0.14,51.2,6.565349544,1 Indoor,4,24,7,1.69E-07,0.3015,97.52,15.32,12,0
(P4HB) Poly(4-hydroxybutyrate),278400,1.22,4,0,0,0,0,3,3,0,6,0,2,1,16.67,0,0,54.3,-44,18,0.35,51.2,6.565349544,1 Indoor,0,37,7.4,0.000010203,0.0789,97.52,70.12,1.333333333,0
(P4HB) Poly(4-hydroxybutyrate),7700,1.22,4,0,0,0,0,3,3,0,6,0,2,1,16.67,0,0,53.5,-44,10,0.35,51.2,6.565349544,1 Indoor,7,37,7.4,2.75E-07,0,97.52,3.85,2,0
(PHA) Polyhydroxyalkanoate,,1.22,4,0,0,0,0,3,3,0,6,0,2,1,16.67,0,0,53.7,-46,21.5,20,991000,0.106,0 Dark,,12.75,7.6,2.12E-09,0,97.52,7.9,450,0
(PLLA) Poly-L-lactic acid,300000,1.28,3,0,0,1,1,0,0,1,4,0,2,1,20,0,0,178,54,19.7,20,991000,0.106,0 Dark,,12.75,7.6,5.79E-11,,100,0.225,450,0
(P3HB) Poly(3-hydroxybutyrate),350000,1.22,4,0,0,1,1,1,1,1,6,0,2,1,16.67,0,0,173,4,59,2,1950,1.23,0 Dark,4,33,7.6,1.77E-08,0,97.52,14.84,123,0
(P3HB) Poly(3-hydroxybutyrate),350000,1.22,4,0,0,1,1,1,1,1,6,0,2,1,16.67,0,0,173,4,59,2,1950,1.23,0 Dark,4,33,7.6,2.54E-08,0,97.52,21.87,123,0
(PCL) Polycaprolactone,160000,1.1438,6,0,0,0,0,5,5,0,10,0,2,1,12.5,0,0,67.2,-60,69.3,0.277,155.18,14.45154432,1 Indoor,7,30,7,2.06E-07,0,86.5,2.89,0.666666667,0
(PCL) Polycaprolactone,160000,1.1438,6,0,0,0,0,5,5,0,10,0,2,1,12.5,0,0,65.6,-60,67.15,0.28,155.18,14.2968254,1 Indoor,7,30,7,9.95E-07,0,86.5,4.82,0.666666667,0
(PCL) Polycaprolactone,160000,1.1438,6,0,0,0,0,5,5,0,10,0,2,1,12.5,0,0,64,-60,65,0.278,155.18,14.39960032,1 Indoor,7,30,7,1.17E-06,0,86.5,5.63,0.666666667,0
(PCL) Polycaprolactone,160000,1.1438,6,0,0,0,0,5,5,0,10,0,2,1,12.5,0,0,63.5,-60,64.15,0.272,155.18,14.71699346,1 Indoor,7,30,7,1.54E-06,0,86.5,7.34,0.666666667,0
(PCL) Polycaprolactone,160000,1.1438,6,0,0,0,0,5,5,0,10,0,2,1,12.5,0,0,62,-60,63.3,0.272,155.18,14.71699346,1 Indoor,7,30,7,2.03E-06,0,86.5,9.56,0.666666667,0
(PCL) Polycaprolactone,160000,1.1438,6,0,0,0,0,5,5,0,10,0,2,1,12.5,0,0,59,-60,40,0.279,155.18,14.34802867,1 Indoor,7,30,7,2.43E-06,0,86.5,11.3,0.666666667,0
(PCL) Polycaprolactone,80000,1.1438,6,0,0,0,0,5,5,0,10,0,2,1,12.5,0,0,59,-60,60,0.12,204.8,17.06666667,1 Indoor,7,37,7.4,0.000022477,0,10.38,12,30,1
(PCL) Polycaprolactone,80000,1.1438,6,0,0,0,0,5,5,0,10,0,2,1,12.5,0,0,59,-60,60,0.12,204.8,17.06666667,1 Indoor,0,37,7.4,1.06E-08,0,86.5,2.15,30,0
(PCL) Polycaprolactone,45250,1.1438,6,0,0,0,0,5,5,0,10,0,2,1,12.5,0,0,60,-72,51,0.21,208.4,9.923809524,1 Indoor,7,37,7.2,0.00025367,0.013,100,92.1,0.125,0
(PCL) Polycaprolactone,2000,1.001907601,6,0,0,0,0,5,5,0,10,0,2,1,12.5,0,0,38,-62,25,0.2,816,10.2,1 Indoor,7,37,7.2,0.000048694,0.0626,100,90.17,0.5,0
(PCL) Polycaprolactone,1250,1.00119225,6,0,0,0,0,5,5,0,10,0,2,1,12.5,0,0,22,-59,20,0.2,816,10.2,1 Indoor,7,37,7.2,0.000014167,0.0828,86.5,63.83,1,0
(PCL) Polycaprolactone,530,1.002921013,6,0,0,0,0,5,5,0,10,0,2,1,12.5,0,0,12,-41,15,0.2,816,10.2,1 Indoor,7,37,7.2,1.60E-06,0.0326,86.5,11.16,1,0
(PCL) Polycaprolactone,530,1.037913562,6,0,0,0,0,5,5,0,10,0,2,1,12.5,0,0,10,-46,13,0.2,816,10.2,1 Indoor,7,37,7.2,1.51E-07,0.1525,86.5,0.96,1,0
(PCL) Polycaprolactone,530,1.005961252,6,0,0,0,0,5,5,0,10,0,2,1,12.5,0,0,5,-50,7,0.2,816,10.2,1 Indoor,7,37,7.2,9.12E-07,0.1008,86.5,5.92,1,0
(P3HB) Poly(3-hydroxybutyrate),540000,1.22,4,0,0,1,1,1,1,1,6,0,2,1,16.67,0,0,168.3,2,63.44,0.1,456,20.26666667,1 Indoor,2,27,7.9,6.30E-07,2.33,85.54,72.91,42,0
(P3HB) Poly(3-hydroxybutyrate),540000,1.22,4,0,0,1,1,1,1,1,6,0,2,1,16.67,0,0,168.3,2,63.44,0.1,1210,20.167,2 Outdoor,2,27,7.9,1.33E-06,2.8,62.41,61.49,28,1
(P3HB) Poly(3-hydroxybutyrate),540000,1.22,4,0,0,1,1,1,1,1,6,0,2,1,16.67,0,0,168.3,2,63.44,0.1,1210,20.167,2 Outdoor,2,27,7.9,6.70E-07,1.4,55.88,44.98,28,0
(P3HB) Poly(3-hydroxybutyrate),540000,1.22,4,0,0,1,1,1,1,1,6,0,2,1,16.67,0,0,168.3,2,63.44,0.1,1210,20.167,2 Outdoor,2,20,7.9,1.10E-06,6.225,44.27,40.2,29,0
(P3HB) Poly(3-hydroxybutyrate),540000,1.22,4,0,0,1,1,1,1,1,6,0,2,1,16.67,0,0,168.3,2,63.44,0.1,1210,20.167,2 Outdoor,2,10,7.9,1.72E-07,6.651,85.54,25.06,28,0
(PCL) Polycaprolactone,126000,1.145,6,0,0,0,0,5,5,0,10,0,2,1,12.5,0,0,61.2,-60,53.04,0.1,456,20.26666667,1 Indoor,2,27,7.9,1.89E-07,5.938,89.77,71.54,95,1
(PCL) Polycaprolactone,10000,1.1438,6,0,0,0,0,5,5,0,10,0,2,1,12.5,0,0,60,-60,60,0.385,0.465662571,15.58441558,3 UV,2,25,7.9,1.84E-09,47.327,86.5,4.49,364,0
(PCL) Polycaprolactone,10000,1.1438,6,0,0,0,0,5,5,0,10,0,2,1,12.5,0,0,60,-60,60,0.385,0.465662571,15.58441558,3 UV,0,25,11,5.37E-09,56,86.5,4.49,364,0
(PLA) Polylactic acid,147000,1.26,3,0,0,1,1,0,0,1,4,0,2,1,20,0,0,152,65,1.7,0.385,0.465662571,15.58441558,3 UV,2,25,7.9,1.54E-09,0,98.3,4.79,364,0
(PLA) Polylactic acid,147000,1.26,3,0,0,1,1,0,0,1,4,0,2,1,20,0,0,152,65,1.7,0.385,0.465662571,15.58441558,3 UV,0,25,11,8.96E-09,6.3546,98.3,28.64,364,0
(PLA) Polylactic acid,147000,1.26,3,0,0,1,1,0,0,1,4,0,2,1,20,0,0,152,65,1.7,0.12,1581.44,16.80952381,1 Indoor,6,30,7.3,7.31E-06,0,98.3,92,4,0
(PLA) Polylactic acid,55400,1.24,3,0,0,1,1,0,0,1,4,0,2,1,20,0,0,165,60,30.8,5,78.54,1.2,1 Indoor,0,45,7,1.99E-09,3.84,98.3,0.4,28,0
(PEG) Poly(ethylene glycol),2100,1.11,2,0,0,0,0,2,2,0,4,0,1,0,0,0,0,55,-41,87,0.23,409,8.98136646,1 Indoor,5,25,6.5,5.05E-07,0,95.94,70,30,0
(PEG) Poly(ethylene glycol),1200,1.11,2,0,0,0,0,2,2,0,4,0,1,0,0,0,0,35,-53.6,86,0.23,409,8.98136646,1 Indoor,5,25,6.5,1.81E-07,0,95.94,36,30,0
(PLA) Polylactic acid,43000,1.32,3,0,0,1,1,0,0,1,4,0,2,1,20,0,0,165,60,30.8,0.385,0.465662571,15.58441558,1 Indoor,7,60,9,0.000001024,0.07723,98.43,29.95,4,0
(PLA) Polylactic acid,43000,1.32,3,0,0,1,1,0,0,1,4,0,2,1,20,0,0,165,60,30.8,0.385,0.465662571,15.58441558,1 Indoor,7,60,10,1.47E-06,0.9272,98.43,32.72,4,0
(PLA) Polylactic acid,43000,1.32,3,0,0,1,1,0,0,1,4,0,2,1,20,0,0,165,60,30.8,0.385,0.465662571,15.58441558,1 Indoor,7,60,9,4.23E-08,,98.3,14.75,2,0
(PLA) Polylactic acid,43000,1.32,3,0,0,1,1,0,0,1,4,0,2,1,20,0,0,165,60,30.8,0.1,62.6,20.87,1 Indoor,7,60,9,0.000000297,,98.3,5,2,0
(PLA) Polylactic acid,43000,1.32,3,0,0,1,1,0,0,1,4,0,2,1,20,0,0,165,60,30.8,0.385,0.465662571,15.58441558,1 Indoor,7,60,8,7.93E-06,0.454,89,73.27,4,1
(PLA) Polylactic acid,147000,1.26,3,0,0,1,1,0,0,1,4,0,2,1,20,0,0,170,65,34.5,1,40600,2.03,2 Outdoor,3,23.5,8.2,8.42E-10,0,98.3,3.89,600,0
(PCL) Polycaprolactone,40500,1.1438,6,0,0,0,0,5,5,0,10,0,2,1,12.5,0,0,59.6,-60,79,0.3,824,6.866666667,1 Indoor,7,37,7.4,8.70E-08,0,86.5,8.97,15,0
(P3HB) Poly(3-hydroxybutyrate),735000,1.2,4,0,0,1,1,1,1,1,6,0,2,1,16.67,0,0,178,4,60,0.1,19200,20,1 Indoor,0,25,13,1.48E-09,3.907,97.52,0.3,28,0
(P3HB) Poly(3-hydroxybutyrate),735000,1.2,4,0,0,1,1,1,1,1,6,0,2,1,16.67,0,0,178,4,60,0.01,19200,200,1 Indoor,0,25,7,3.20E-09,0,97.52,0.76,28,0
(P3HB) Poly(3-hydroxybutyrate),735000,1.2,4,0,0,1,1,1,1,1,6,0,2,1,16.67,0,0,178,4,60,0.01,19200,200,1 Indoor,0,25,12,5.74E-09,2.737,97.52,1.31,28,0
(P3HB) Poly(3-hydroxybutyrate),735000,1.2,4,0,0,1,1,1,1,1,6,0,2,1,16.67,0,0,178,4,60,0.01,19200,200,1 Indoor,0,25,12.5,2.47E-08,4.73,97.52,5.33,28,0
(P3HB) Poly(3-hydroxybutyrate),735000,1.2,4,0,0,1,1,1,1,1,6,0,2,1,16.67,0,0,178,4,60,0.01,19200,200,1 Indoor,0,25,13,4.52E-08,3.941,97.52,10.35,28,0
(PCL) Polycaprolactone,151000,1.1438,6,0,0,0,0,5,5,0,10,0,2,1,12.5,0,0,57,-60,62,0.5,171,4.75,1 Indoor,0,37,7.2,5.81E-09,0,86.5,0.6,14.16666667,0
"(PDLLA) Poly-D,L-lactic acid",2600,1.25,3,0,0,1,1,0,0,1,4,0,2,1,20,0,0,,60,1,2,1144,1.181818182,0 Dark,0,37,5.4,5.17E-07,16.06,100,74.77,40,0
"(PDLLA) Poly-D,L-lactic acid",2600,1.25,3,0,0,1,1,0,0,1,4,0,2,1,20,0,0,,60,1,2,1144,1.181818182,0 Dark,0,37,7.4,3.23E-07,9.327,100,69.11,45,0
(P3HB) Poly(3-hydroxybutyrate),539000,1.22,4,0,0,1,1,1,1,1,6,0,2,1,16.67,0,0,175,6,67,0.2,0.126,30,0 Dark,4,20,7,3.88E-06,3.673,78.55,78.22,22,1
(PCL) Polycaprolactone,126000,1.1438,6,0,0,0,0,5,5,0,10,0,2,1,12.5,0,0,61.2,-60,53.04,0.055,51.1,37.16,0 Dark,4,20,7,6.07E-06,14.84,78,77.79,25,1
(PCL) Polycaprolactone,126000,1.1438,6,0,0,0,0,5,5,0,10,0,2,1,12.5,0,0,61.2,-60,53.04,0.25,0.196,24,0 Dark,4,20,7,3.48E-06,5.084,90,89.72,22,1
(PCL) Polycaprolactone,126000,1.1438,6,0,0,0,0,5,5,0,10,0,2,1,12.5,0,0,61.2,-60,53.04,0.055,51.1,37.16,0 Dark,4,20,7,7.00E-07,0,100,99.57,63,1
(P3HB) Poly(3-hydroxybutyrate),600000,1.22,4,0,0,1,1,1,1,1,6,0,2,1,16.67,0,0,169.9,2,54.3,0.05,453,40.27,0 Dark,,58,7.6,4.41E-06,20.47,100,99.81,35,1
(PCL) Polycaprolactone,67600,1.1438,6,0,0,0,0,5,5,0,10,0,2,1,12.5,0,0,65,-60,52,0.22,77.28,9.757575758,1 Indoor,7,37,7.5,1.81E-08,0,86.5,3.25,22,0
(PCL) Polycaprolactone,145000,1.1438,6,0,0,0,0,5,5,0,10,0,2,1,12.5,0,0,60,-60,62,0.2,161.2,10.46753247,1 Indoor,7,37,7.6,0.00003975,0.0099,85.76,72.63,0.583333333,1
(PLLA) Poly-L-lactic acid,300000,1.28,3,0,0,1,1,0,0,1,4,0,2,1,20,0,0,183,63,42.6,0.055,3880.739,36.45549988,1 Indoor,7,37,8.5,7.64E-08,0,100,5.94,10,0
(PLLA) Poly-L-lactic acid,300000,1.28,3,0,0,1,1,0,0,1,4,0,2,1,20,0,0,182,60,40.9,0.055,3880.739,36.45549988,1 Indoor,7,37,8.5,9.93E-08,0.07521,100,7.61,10,0
(PLLA) Poly-L-lactic acid,300000,1.28,3,0,0,1,1,0,0,1,4,0,2,1,20,0,0,180,57,32,0.055,3880.739,36.45549988,1 Indoor,7,37,8.5,1.90E-07,0.4909,100,14.5,10,0
(PLLA) Poly-L-lactic acid,300000,1.28,3,0,0,1,1,0,0,1,4,0,2,1,20,0,0,178,54,19.7,0.055,3880.739,36.45549988,1 Indoor,7,37,8.5,3.56E-07,0.6638,100,25.61,10,0
"(PDLLA) Poly-D,L-lactic acid",65372,1.25,3,0,0,1,1,0,0,1,4,0,2,1,20,0,0,,48,1,1,148,2.64,3 UV,0,37,7.4,8.02E-07,40.04,86.23,80.06,84,1
(PLA) Polylactic acid,160000,1.26,3,0,0,1,1,0,0,1,4,0,2,1,20,0,0,170,65,37.6,0.49,0.754296396,12.24489796,1 Indoor,2,27,7.9,5.50E-09,2.809,98.43,1,28,0
(PCL) Polycaprolactone,50000,1.145,6,0,0,0,0,5,5,0,10,0,2,1,12.5,0,0,60,-60,55,0.12,1010.8,16.84666667,1 Indoor,6,28,6.8,0.000018231,0.7817,86.5,77.81,2,0
(PLA) Polylactic acid,140000,1.2,3,0,0,1,1,0,0,1,4,0,2,1,20,0,0,146,57.4,1.7,0.15,409,13.6,1 Indoor,7,37,8.6,0.000045889,0.2495,15.07,18.27,2,1
(PLA) Polylactic acid,140000,1.2,3,0,0,1,1,0,0,1,4,0,2,1,20,0,0,146,57.4,1.7,0.15,409,13.6,1 Indoor,0,37,8.6,9.34E-08,,98.3,1.6,2,0
(PLA) Polylactic acid,140000,1.2,3,0,0,1,1,0,0,1,4,0,2,1,20,0,0,146,57.4,1.7,0.15,409,13.6,1 Indoor,0,37,10.6,4.64E-09,3.204,98.3,1.97,45,0
(PCL) Polycaprolactone,6000,1.1438,6,0,0,0,0,5,5,0,10,0,2,1,12.5,0,0,53.4,-60,30.2,0.5,640,4.266666667,1 Indoor,7,45,7.2,0.000036493,0,86.67,87.79,3,1
(PCL) Polycaprolactone,6000,1.1438,6,0,0,0,0,5,5,0,10,0,2,1,12.5,0,0,53.4,-60,30.2,0.5,640,4.266666667,1 Indoor,7,37,7.2,8.26E-06,0.0647,86.5,81.22,3,0
(PCL) Polycaprolactone,160000,1.1438,6,0,0,0,0,5,5,0,10,0,2,1,12.5,0,0,60,-60,63.3,0.7,419.5,28.83809524,1 Indoor,7,30,7,7.33E-08,0,86.5,0.41,0.75,0
(P3HB) Poly(3-hydroxybutyrate),600000,1.22,4,0,0,1,1,1,1,1,6,0,2,1,16.67,0,0,169,2,54.3,2,280,1.4,2 Outdoor,2,30,7.2,3.53E-07,16.758,97.52,75.98,56,0
(P3HB) Poly(3-hydroxybutyrate),600000,1.22,4,0,0,1,1,1,1,1,6,0,2,1,16.67,0,0,169,2,54.3,2,280,1.4,2 Outdoor,2,28.5,7.52,3.29E-07,14.931,97.52,71.13,56,0
(P3HB) Poly(3-hydroxybutyrate),600000,1.22,4,0,0,1,1,1,1,1,6,0,2,1,16.67,0,0,169,2,54.3,2,280,1.4,2 Outdoor,1,28,7.03,2.83E-07,22.834,97.52,57.1,56,0
(PLA) Polylactic acid,99000,1.26,3,0,0,1,1,0,0,1,4,0,2,1,20,0,0,149,57.7,33,3,654,1.211111111,1 Indoor,4,37,7.4,6.08E-10,100.58,98.3,0.07,120,0
(PCL) Polycaprolactone,65000,1.1438,6,0,0,0,0,5,5,0,10,0,2,1,12.5,0,0,64.28,-46.7,54.01,0.2,45120,10.02666667,1 Indoor,6,50,5,5.22E-07,0,86.5,16.09,150,0
(P3HB) Poly(3-hydroxybutyrate),539000,1.22,4,0,0,1,1,1,1,1,6,0,2,1,16.67,0,0,175,6,67,0.26,820.8,7.89,1 Indoor,5,25,7.4,9.51E-07,2.027,97.52,68.63,15,0
(P3HB) Poly(3-hydroxybutyrate),539000,1.22,4,0,0,1,1,1,1,1,6,0,2,1,16.67,0,0,175,6,66,0.26,820.8,7.89,1 Indoor,5,25,7.4,7.08E-07,1.641,97.52,58.9,15,0
(P3HB) Poly(3-hydroxybutyrate),539000,1.22,4,0,0,1,1,1,1,1,6,0,2,1,16.67,0,0,175,6,65,0.26,820.8,7.89,1 Indoor,5,25,7.4,0.000001191,1.559,97.52,78.19,15,0
(P3HB) Poly(3-hydroxybutyrate),354000,1.22,4,0,0,1,1,1,1,1,6,0,2,1,16.67,0,0,173,4,59,0.05,183.3,40.73,1 Indoor,3,25,7.9,1.61E-08,0,97.52,8.38,70,0
(P3HB) Poly(3-hydroxybutyrate),269000,1.22,4,0,0,1,1,1,1,1,6,0,2,1,16.67,0,0,174,5,57,0.05,183.3,40.73333333,2 Outdoor,2,22.5,7.9,8.59E-07,3.263,71.67,63.97,35,1
(P3HB) Poly(3-hydroxybutyrate),269000,1.22,4,0,0,1,1,1,1,1,6,0,2,1,16.67,0,0,174,5,57,0.05,183.3,40.73333333,1 Indoor,2,25,7.9,2.70E-08,10.82,97.52,5.87,35,0
(PCL) Polycaprolactone,204000,1.1438,6,0,0,0,0,5,5,0,10,0,2,1,12.5,0,0,65,-60,52,0.1,204,20.4,1 Indoor,7,37,8.6,2.62E-09,0,86.5,0.28,15,0
(PCL) Polycaprolactone,204000,1.1438,6,0,0,0,0,5,5,0,10,0,2,1,12.5,0,0,65,-60,52,0.1,204,20.4,1 Indoor,7,30,7,9.38E-07,2.542,86.5,58.93,15,0
(PCL) Polycaprolactone,229000,1.1438,6,0,0,0,0,5,5,0,10,0,2,1,12.5,0,0,63,-60,50,0.05,183.3,40.73333333,2 Outdoor,2,22.5,7.9,2.87E-07,17.84,86.5,29.74,35,0
(PCL) Polycaprolactone,229000,1.1438,6,0,0,0,0,5,5,0,10,0,2,1,12.5,0,0,63,-60,50,0.05,183.3,40.73333333,1 Indoor,2,25,7.9,8.37E-08,15,86.5,13.98,35,0
(PCL) Polycaprolactone,176000,1.1438,6,0,0,0,0,5,5,0,10,0,2,1,12.5,0,0,63,-60,56,0.05,183.3,40.73,1 Indoor,3,25,7.9,6.33E-08,7.63,86.5,24.2,70,0
(PLLA) Poly-L-lactic acid,1100000,1.28,3,0,0,1,1,0,0,1,4,0,2,1,20,0,0,179,66.25,36,0.1,204,20.4,1 Indoor,7,37,8.6,0.000001728,1.229,29.47,28.2,15,1
(PLLA) Poly-L-lactic acid,1100000,1.28,3,0,0,1,1,0,0,1,4,0,2,1,20,0,0,179,66.25,36,0.1,204,20.4,1 Indoor,7,30,7,8.53E-09,0,100,0.91,15,0
(PLLA) Poly-L-lactic acid,297000,1.28,3,0,0,1,1,0,0,1,4,0,2,1,20,0,0,178,65,43,0.05,183.3,40.73333333,2 Outdoor,2,22.5,7.9,1.54E-07,13.21,100,24.2,35,0
(PLLA) Poly-L-lactic acid,297000,1.28,3,0,0,1,1,0,0,1,4,0,2,1,20,0,0,178,65,43,0.05,183.3,40.73333333,1 Indoor,2,25,7.9,3.32E-09,0,100,1,35,0
(PLLA) Poly-L-lactic acid,290000,1.28,3,0,0,1,1,0,0,1,4,0,2,1,20,0,0,173,66,2,0.05,183.3,40.73333333,2 Outdoor,2,22.5,7.9,6.95E-07,21.99,100,63.58,35,0
(PLLA) Poly-L-lactic acid,290000,1.28,3,0,0,1,1,0,0,1,4,0,2,1,20,0,0,173,66,2,0.05,183.3,40.73333333,1 Indoor,2,25,7.9,3.32E-09,0,100,1,35,0
(PLLA) Poly-L-lactic acid,265000,1.28,3,0,0,1,1,0,0,1,4,0,2,1,20,0,0,173,68,2,0.05,183.3,40.73,1 Indoor,3,25,7.9,1.09E-09,0,100,0.8,70,0
(PLLA) Poly-L-lactic acid,204600,1.28,3,0,0,1,1,0,0,1,4,0,2,1,20,0,0,166.8,53.3,1,0.15,409,13.63333333,1 Indoor,0,37,13,0.000034306,0.0125,100,45.63,0.208333333,0
(PLLA) Poly-L-lactic acid,204600,1.28,3,0,0,1,1,0,0,1,4,0,2,1,20,0,0,166.8,53.3,1,0.15,409,13.63333333,1 Indoor,7,37,8.6,0.000012042,0,100,38.23,0.5,0
(PLLA) Poly-L-lactic acid,309320,1.28,3,0,0,1,1,0,0,1,4,0,2,1,20,0,0,164,59.1,40.45,0.06,51.2,34.13333333,1 Indoor,7,37,8,2.01E-06,0.1394,100,89.72,10,0
(PLLA) Poly-L-lactic acid,309320,1.28,3,0,0,1,1,0,0,1,4,0,2,1,20,0,0,164,59.1,40.45,0.06,51.2,34.13333333,1 Indoor,5,25,8.5,3.01E-08,0,100,15.88,70,0
(P3HB) Poly(3-hydroxybutyrate),540000,1.22,4,0,0,1,1,1,1,1,6,0,2,1,16.67,0,0,175,6,67,0.385,0.465662571,15.58441558,1 Indoor,4,25,7,0.000013738,0.6187,84.2,85,4.833333333,1
(P3HB) Poly(3-hydroxybutyrate),540000,1.22,4,0,0,1,1,1,1,1,6,0,2,1,16.67,0,0,175,6,67,0.385,0.465662571,15.58441558,1 Indoor,4,25,7,0.000010459,0.5747,91.77,85,3.791666667,1
(P3HB) Poly(3-hydroxybutyrate),540000,1.22,4,0,0,1,1,1,1,1,6,0,2,1,16.67,0,0,175,6,67,0.385,0.465662571,15.58441558,1 Indoor,4,25,7,0.000005265,0.7808,100,85,5,0
(P3HB) Poly(3-hydroxybutyrate),540000,1.22,4,0,0,1,1,1,1,1,6,0,2,1,16.67,0,0,175,6,67,0.385,0.465662571,15.58441558,1 Indoor,5,25,7,0.000013368,2.766,89.9,85,6.125,1
(PVA) Pol(yvinyl alcohol),48400,1.29,2,0,0,1,1,1,1,0,3,0,1,0,0,0,0,220,65,55,1,70,2.8,1 Indoor,6,25,7.5,2.34E-06,0,30.87,31.05,41,1
(PVA) Pol(yvinyl alcohol),48400,1.29,2,0,0,1,1,1,1,0,3,0,1,0,0,0,0,220,65,55,1,70,2.8,1 Indoor,6,25,7.5,1.88E-06,0,88.53,94.22,41,1
(PLA) Polylactic acid,72912,1.26,3,0,0,1,1,0,0,1,4,0,2,1,20,0,0,154.1106754,66,31.9,0.2,820,10.25,1 Indoor,5,37,7,6.33E-10,0,98.3,0.98,180,0
(PLA) Polylactic acid,61299,1.26,3,0,0,1,1,0,0,1,4,0,2,1,20,0,0,165,60,30.8,0.2,820,10.25,1 Indoor,5,37,7,1.07E-09,0,98.3,1.65,180,0
(PLA) Polylactic acid,42777,1.26,3,0,0,1,1,0,0,1,4,0,2,1,20,0,0,165,60,30.8,0.2,820,10.25,1 Indoor,5,37,7,2.19E-09,0,98.3,3.35,180,0
(PLA) Polylactic acid,41013,1.26,3,0,0,1,1,0,0,1,4,0,2,1,20,0,0,165,60,30.8,0.2,820,10.25,1 Indoor,5,37,7,6.59E-09,0,98.3,9.74,180,0
(PLA) Polylactic acid,20433,1.26,3,0,0,1,1,0,0,1,4,0,2,1,20,0,0,165,60,30.8,0.2,820,10.25,1 Indoor,5,37,7,3.88E-08,0,98.3,45.34,180,0
(PLA) Polylactic acid,147000,1.26,3,0,0,1,1,0,0,1,4,0,2,1,20,0,0,152,65,1.7,0.2,820,10.25,1 Indoor,0,37,7,1.22E-10,0,98.3,0.19,180,0
(PLA) Polylactic acid,147000,1.26,3,0,0,1,1,0,0,1,4,0,2,1,20,0,0,152,65,1.7,0.2,820,10.25,1 Indoor,0,58,7,2.94E-07,0,98.3,98.96,180,0
(P3HB) Poly(3-hydroxybutyrate),1400000,1.147,4,0,0,1,1,1,1,1,6,0,2,1,16.67,0,0,175,6,71,0.09,1422.198994,22.35555556,2 Outdoor,2,28.4,7.25,3.76E-08,30.9,97.52,37.14,160,0
(P3HB) Poly(3-hydroxybutyrate),1360000,1.147,4,0,0,1,1,1,1,1,6,0,2,1,16.67,0,0,175,6,70,5,196.34,0.9,2 Outdoor,2,28.4,7.25,6.37E-08,18.71,97.52,56.58,160,0
"(PDLLA) Poly-D,L-lactic acid",125000,1.25,3,0,0,1,1,0,0,1,4,0,2,1,20,0,0,,21,1,0.4,216,5.4,1 Indoor,0,37,7.4,2.65E-08,0,75.09,23.46,140,0
(PLA) Polylactic acid,147000,1.26,3,0,0,1,1,0,0,1,4,0,2,1,20,0,0,152,65,1.7,3.75,693.6047531,1.101754386,1 Indoor,7,45,8.5,0.00010425,0.1345,91.5,88.14,0.5,1
"(PDLLA) Poly-D,L-lactic acid",125000,1.25,3,0,0,1,1,0,0,1,4,0,2,1,20,0,0,,21,1,0.4,216,5.4,1 Indoor,0,37,7.4,1.78E-07,7.574,100,83.23,112,0
"(PDLLA) Poly-D,L-lactic acid",125000,1.25,3,0,0,1,1,0,0,1,4,0,2,1,20,0,0,,21,1,0.4,216,5.4,1 Indoor,7,37,7.4,4.64E-07,8.533,100,79.13,42,0
(PLA) Polylactic acid,147000,1.26,3,0,0,1,1,0,0,1,4,0,2,1,20,0,0,152,65,1.7,3.75,693.6047531,1.101754386,1 Indoor,7,40,7.5,0.000061361,0.1155,37.43,3.35,0.5,1
"(PDLLA) Poly-D,L-lactic acid",125000,1.25,3,0,0,1,1,0,0,1,4,0,2,1,20,0,0,,21,1,0.4,216,5.4,1 Indoor,7,37,7.4,8.18E-08,6.2699,75.09,17.15,42,0
(PCL) Polycaprolactone,143814,1.1438,6,0,0,0,0,5,5,0,10,0,2,1,12.5,0,0,60,-60,62,0.2,163.362818,10.4,1 Indoor,0,37,7.3,3.66E-07,0,86.5,6.99,3,0
(PCL) Polycaprolactone,143814,1.1438,6,0,0,0,0,5,5,0,10,0,2,1,12.5,0,0,60,-60,62,0.2,163.362818,10.4,1 Indoor,7,37,7.3,7.06E-06,0.4647,86.5,75.9,3,0
(PLLA) Poly-L-lactic acid,209000,1.28,3,0,0,1,1,0,0,1,4,0,2,1,20,0,0,140,38,75,0.4,216,5.4,1 Indoor,0,37,7.4,7.70E-09,0,100,7.63,140,0
(PLLA) Poly-L-lactic acid,209000,1.28,3,0,0,1,1,0,0,1,4,0,2,1,20,0,0,140,38,75,0.4,216,5.4,1 Indoor,0,37,7.4,8.96E-08,2.0244,100,64.8,140,0
(PLLA) Poly-L-lactic acid,209000,1.28,3,0,0,1,1,0,0,1,4,0,2,1,20,0,0,140,38,75,0.4,216,5.4,1 Indoor,7,37,7.4,3.83E-08,10.101,100,42.98,140,0
(PLLA) Poly-L-lactic acid,209000,1.28,3,0,0,1,1,0,0,1,4,0,2,1,20,0,0,140,38,75,0.4,216,5.4,1 Indoor,7,37,7.4,1.73E-07,35.392,100,74.73,140,0
(P3HB) Poly(3-hydroxybutyrate),540000,1.22,4,0,0,1,1,1,1,1,6,0,2,1,16.67,0,0,168.3,2,63.44,0.12,20048,16.70666667,0 Dark,,40,7.6,1.12E-06,5.53,81,80.32,35,1
(P3HB) Poly(3-hydroxybutyrate),600000,1.56,4,0,0,1,1,1,1,1,6,0,2,1,16.67,0,0,169,2,88,0.2,134.4,10.5,1 Indoor,5,25,7,1.47E-07,5.462,97.52,15.77,18,0
(P3HB) Poly(3-hydroxybutyrate),600000,1.22,4,0,0,1,1,1,1,1,6,0,2,1,16.67,0,0,169,2,88,0.2,208,10.4,0 Dark,5,20,6.7,1.03E-07,14.91,97.52,60,112,0
(P3HB) Poly(3-hydroxybutyrate),772000,1.25,4,0,0,1,1,1,1,1,6,0,2,1,16.67,0,0,173.1,4,53.55,0.05,5010,40.08,1 Indoor,7,30,6.3,3.60E-07,0,5.514,5.19,84,1
(PCL) Polycaprolactone,80000,1.1438,6,0,0,0,0,5,5,0,10,0,2,1,12.5,0,0,62.5,-59.3,60,0.05,6011,40.07333333,1 Indoor,6,30,7,5.20E-08,8.275,86.5,33.5,120,0
(PLLA) Poly-L-lactic acid,60232,1.28,3,0,0,1,1,0,0,1,4,0,2,1,20,0,0,167,67,51.23,0.05,202,40.4,1 Indoor,7,37,8.6,0.000013322,0.1221,100,100,4,1
(P3HB) Poly(3-hydroxybutyrate),540000,1.22,4,0,0,1,1,1,1,1,6,0,2,1,16.67,0,0,168.3,2,63.44,0.1,358.14,20.27,1 Indoor,4,30,1,1.56E-06,1.568,97.52,48.84,7,0
(PLA) Polylactic acid,154000,1.26,3,0,0,1,1,0,0,1,4,0,2,1,20,0,0,91,53,1,0.1,204,20.4,1 Indoor,7,37,8,2.35E-07,2.192,98.3,10,7,0
(P3HB) Poly(3-hydroxybutyrate),680000,1.22,4,0,0,1,1,1,1,1,6,0,2,1,16.67,0,0,170,2,68.7,0.06,202.4,33.73,1 Indoor,7,37,7.4,0.000016525,0.0877,97.52,43.29,0.5,0
(PLA) Polylactic acid,214000,1.26,3,0,0,1,1,0,0,1,4,0,2,1,20,0,0,166,62,6.19,1,1720,2.15,1 Indoor,0,60,3.5,9.63E-08,13.78,98.3,50.43,94,0
(PLA) Polylactic acid,214000,1.26,3,0,0,1,1,0,0,1,4,0,2,1,20,0,0,166,62,6.19,1,1720,2.15,1 Indoor,0,60,9,4.64E-08,5.253,98.3,30.14,94,0
(PLA) Polylactic acid,160000,1.26,3,0,0,1,1,0,0,1,4,0,2,1,20,0,0,91,53,1,1,1720,2.15,1 Indoor,0,50,7,2.62E-07,12.34,98.3,69.11,94,0
(PLA) Polylactic acid,160000,1.26,3,0,0,1,1,0,0,1,4,0,2,1,20,0,0,91,53,1,1,1720,2.15,1 Indoor,0,60,7,8.52E-07,7.47,98.3,53.98,94,0
(PVA) Pol(yvinyl alcohol),48400,1.29,2,0,0,1,1,1,1,0,3,0,1,0,0,0,0,220,65,55,0.01,2402.6,200.2166667,1 Indoor,4,35,7,4.73E-07,0,90.05,20.82,6.958333333,0
(PVA) Pol(yvinyl alcohol),48400,1.29,2,0,0,1,1,1,1,0,3,0,1,0,0,0,0,220,65,55,0.01,2402.6,200.2166667,1 Indoor,4,35,7,3.92E-07,0.01124,90.05,24.66,9.708333333,0
(P3HB) Poly(3-hydroxybutyrate),540000,1.22,4,0,0,1,1,1,1,1,6,0,2,1,16.67,0,0,168.3,2,63.44,0.15,612,13.6,0 Dark,4,30,7.4,0.000000344,0,97.52,46.4,21,0
